Date,Symbol,Open,High,Low,Close,Volume
2018/1/1,601633,39.553,39.553,39.553,39.553,0
2018/1/2,601633,39.931,42.41,39.656,42.169,26588018
2018/1/3,601633,41.894,42.685,41.722,42.479,19954871
2018/1/4,601633,42.341,42.617,41.79,42.444,14156115
2018/1/5,601633,42.444,42.857,41.79,42.72,12596454
2018/1/8,601633,42.72,44.544,42.72,44.062,23757258
2018/1/9,601633,44.028,44.407,43.408,44.062,16395581
2018/1/10,601633,42.41,42.789,41.446,42.272,28642692
2018/1/11,601633,41.962,42.307,41.308,42.066,9625979
2018/1/12,601633,42.031,42.617,41.928,42.135,9916382
2018/1/15,601633,42.169,42.341,41.584,41.722,7999513
2018/1/16,601633,41.722,41.997,41.412,41.756,8548926
2018/1/17,601633,41.722,42.479,41.171,42.41,9098711
2018/1/18,601633,42.307,42.307,41.377,41.549,12542089
2018/1/19,601633,41.446,42.031,41.308,41.515,8424800
2018/1/22,601633,41.481,42.238,41.412,41.928,7248246
2018/1/23,601633,41.928,42.72,41.825,42.651,7249887
2018/1/24,601633,42.685,42.789,42.031,42.341,5218136
2018/1/25,601633,42.444,43.202,42.135,42.789,9139311
2018/1/26,601633,42.857,43.649,42.685,43.098,6310837
2018/1/29,601633,43.03,43.993,42.548,43.064,14794601
2018/1/30,601633,42.72,43.236,41.653,41.894,9846011
2018/1/31,601633,41.997,42.238,40.964,42.031,8781369
2018/2/1,601633,41.962,42.617,40.758,42.479,19994708
2018/2/2,601633,42.272,42.72,41.343,42.582,7741189
2018/2/5,601633,42.238,42.892,41.825,42.41,7571919
2018/2/6,601633,41.928,42.513,41.618,42.41,13523169
2018/2/7,601633,42.41,43.271,41.653,42.444,9333476
2018/2/8,601633,42.272,42.892,41.653,42.41,7555374
2018/2/9,601633,41.687,42.479,40,42.41,12265078
2018/2/12,601633,42.169,42.203,40.964,41.584,4639031
2018/2/13,601633,41.584,41.997,40.999,40.999,6227500
2018/2/14,601633,40.62,41.171,40.586,40.93,2203911
2018/2/15,601633,40.93,40.93,40.93,40.93,0
2018/2/16,601633,40.93,40.93,40.93,40.93,0
2018/2/19,601633,40.93,40.93,40.93,40.93,0
2018/2/20,601633,40.93,40.93,40.93,40.93,0
2018/2/21,601633,40.93,40.93,40.93,40.93,0
2018/2/22,601633,41.274,41.343,40.93,41.205,2802274
2018/2/23,601633,41.274,41.997,41.067,41.997,4396785
2018/2/26,601633,44.751,46.128,43.03,43.856,27524837
2018/2/27,601633,43.58,44.751,43.202,44.028,14770387
2018/2/28,601633,44.062,44.338,43.236,44.2,12048693
2018/3/1,601633,43.718,44.234,43.408,44.028,8442261
2018/3/2,601633,44.028,44.028,43.202,43.408,6930689
2018/3/5,601633,43.477,43.684,43.03,43.649,5764379
2018/3/6,601633,43.546,43.787,43.236,43.374,5996229
2018/3/7,601633,43.374,43.58,42.444,42.823,7739601
2018/3/8,601633,42.513,42.823,42.1,42.617,5974800
2018/3/9,601633,42.169,42.617,41.997,42.548,7936247
2018/3/12,601633,42.307,43.236,42.272,43.098,10537502
2018/3/13,601633,42.995,43.305,42.789,42.995,6829066
2018/3/14,601633,42.582,42.754,42.135,42.582,5730156
2018/3/15,601633,42.272,42.857,42.203,42.513,4590701
2018/3/16,601633,42.479,42.857,41.997,42.272,4528903
2018/3/19,601633,42.272,42.41,41.997,42.203,3372403
2018/3/20,601633,42.272,42.272,41.308,41.584,7763163
2018/3/21,601633,41.584,41.79,41.24,41.24,5934529
2018/3/22,601633,41.136,41.481,40.792,41.033,4472106
2018/3/23,601633,40.482,40.482,38.314,38.864,8617882
2018/3/26,601633,38.245,39.656,37.694,39.518,8455265
2018/3/27,601633,39.518,39.759,39.312,39.381,5636423
2018/3/28,601633,39.243,39.622,38.314,39.587,6175789
2018/3/29,601633,39.484,39.518,38.83,39.209,5885944
2018/3/30,601633,39.346,39.484,39.036,39.174,2834799
2018/4/2,601633,39.174,39.725,38.968,39.243,4821376
2018/4/3,601633,38.899,39.553,38.555,39.105,4001026
2018/4/4,601633,39.243,39.381,38.899,39.002,2357874
2018/4/5,601633,39.002,39.002,39.002,39.002,0
2018/4/6,601633,39.002,39.002,39.002,39.002,0
2018/4/9,601633,39.002,39.553,39.002,39.105,3314905
2018/4/10,601633,39.036,39.931,39.036,39.346,5313362
2018/4/11,601633,39.312,39.553,38.864,39.071,6197003
2018/4/12,601633,39.105,39.209,38.727,38.83,3761600
2018/4/13,601633,38.555,39.071,38.555,38.623,2724500
2018/4/16,601633,38.692,38.692,37.694,37.866,6106336
2018/4/17,601633,37.866,38.176,37.315,37.9,4315289
2018/4/18,601633,37.9,38.038,36.696,37.866,4935124
2018/4/19,601633,37.969,38.004,37.246,37.419,5882524
2018/4/20,601633,37.384,37.384,36.11,36.214,5255300
2018/4/23,601633,36.214,36.558,35.629,36.351,3810189
2018/4/24,601633,36.351,37.109,36.145,37.04,3801703
2018/4/25,601633,37.832,38.486,37.591,37.694,6601772
2018/4/26,601633,37.9,38.073,37.522,37.522,3709700
2018/4/27,601633,37.522,37.866,37.074,37.591,3048773
2018/4/30,601633,37.591,37.591,37.591,37.591,0
2018/5/1,601633,37.591,37.591,37.591,37.591,0
2018/5/2,601633,37.591,37.832,37.246,37.281,2872709
2018/5/3,601633,37.487,37.935,37.212,37.935,3344596
2018/5/4,601633,37.935,38.176,37.625,37.9,2153722
2018/5/7,601633,37.9,38.21,37.728,38.176,2634743
2018/5/8,601633,38.176,38.348,37.866,38.141,2798445
2018/5/9,601633,38.141,38.141,36.765,37.487,4751970
2018/5/10,601633,37.591,37.728,37.212,37.728,4007779
2018/5/11,601633,37.728,39.071,37.66,38.795,8103011
2018/5/14,601633,38.761,38.968,38.245,38.692,5959079
2018/5/15,601633,38.899,38.933,38.382,38.589,2652484
2018/5/16,601633,38.658,38.692,38.279,38.382,2668673
2018/5/17,601633,38.417,38.52,37.522,37.9,4233785
2018/5/18,601633,38.107,38.141,37.453,37.969,2218050
2018/5/21,601633,38.21,38.83,37.935,38.658,4175140
2018/5/22,601633,38.658,38.658,38.176,38.486,2720153
2018/5/23,601633,38.21,38.21,37.866,37.9,3163236
2018/5/24,601633,37.832,37.832,37.246,37.281,3551634
2018/5/25,601633,37.212,37.797,37.074,37.591,2851409
2018/5/28,601633,38.01,38.01,37.101,37.626,2557900
2018/5/29,601633,37.731,38.08,37.451,37.766,2638136
2018/5/30,601633,37.451,38.43,36.891,37.661,3800115
2018/5/31,601633,37.731,38.29,37.556,38.22,2785432
2018/6/1,601633,37.975,38.64,37.8,38.395,2809261
2018/6/4,601633,38.395,38.5,38.115,38.465,2288169
2018/6/5,601633,38.5,38.675,38.15,38.465,2137158
2018/6/6,601633,38.465,38.605,38.15,38.465,2498086
2018/6/7,601633,38.465,38.535,38.15,38.185,2393813
2018/6/8,601633,37.94,37.94,37.101,37.451,4446755
2018/6/11,601633,37.626,37.626,36.716,37.206,3542406
2018/6/12,601633,37.171,37.416,36.856,37.276,2242728
2018/6/13,601633,37.381,37.486,36.821,36.891,2760720
2018/6/14,601633,36.856,37.066,36.577,36.682,2383384
2018/6/15,601633,36.682,36.821,35.947,35.982,2829349
2018/6/18,601633,35.982,35.982,35.982,35.982,0
2018/6/19,601633,35.667,36.647,34.479,36.017,6783177
2018/6/20,601633,35.842,36.017,35.318,35.388,3039640
2018/6/21,601633,35.388,35.702,34.653,35.073,3824417
2018/6/22,601633,34.968,35.003,33.954,34.828,3268069
2018/6/25,601633,34.828,35.318,34.618,34.618,2240152
2018/6/26,601633,34.444,34.933,34.129,34.758,2092279
2018/6/27,601633,34.758,34.898,33.919,34.304,3022570
2018/6/28,601633,34.199,34.444,33.954,34.059,2557447
2018/6/29,601633,34.059,34.444,33.709,34.339,2059954
2018/7/2,601633,34.304,35.423,34.269,34.583,3710168
2018/7/3,601633,34.444,34.758,33.884,34.339,3276248
2018/7/4,601633,34.479,34.793,33.954,34.129,2853952
2018/7/5,601633,34.129,34.339,31.122,33.115,7024751
2018/7/6,601633,33.045,33.045,31.122,32.45,5788300
2018/7/9,601633,32.485,33.429,32.415,32.555,4540474
2018/7/10,601633,31.821,32.38,31.576,31.891,5272504
2018/7/11,601633,34.898,34.898,32.835,33.464,20782523
2018/7/12,601633,33.499,33.779,32.59,33.674,16078046
2018/7/13,601633,33.08,33.464,32.73,32.765,10570993
2018/7/16,601633,32.73,32.73,31.786,31.926,7267141
2018/7/17,601633,31.856,31.856,31.331,31.576,6432699
2018/7/18,601633,32.171,33.01,32.171,32.415,13287378
2018/7/19,601633,32.171,32.66,31.891,32.101,8359245
2018/7/20,601633,32.38,32.38,31.681,32.101,6556609
2018/7/23,601633,32.101,32.101,31.751,32.101,6894073
2018/7/24,601633,32.241,32.485,31.856,32.45,14452596
2018/7/25,601633,32.555,32.695,32.031,32.206,12506299
2018/7/26,601633,32.206,32.276,31.751,31.786,10982958
2018/7/27,601633,31.821,31.891,31.646,31.716,7660626
2018/7/30,601633,31.681,31.821,31.087,31.122,9570011
2018/7/31,601633,31.052,31.052,30.387,30.597,9857435
2018/8/1,601633,30.737,30.877,29.793,29.828,9581339
2018/8/2,601633,29.618,29.933,28.044,29.058,15468772
2018/8/3,601633,28.849,28.989,28.289,28.359,6268954
2018/8/6,601633,28.359,28.359,27.1,27.17,9462971
2018/8/7,601633,27.205,27.8,27.17,27.73,5923372
2018/8/8,601633,27.345,27.345,26.121,26.191,14863414
2018/8/9,601633,25.841,26.471,25.702,26.296,16757047
2018/8/10,601633,26.261,26.576,26.121,26.471,9447100
2018/8/13,601633,26.331,26.366,25.806,26.331,9341154
2018/8/14,601633,26.541,26.576,26.051,26.121,8110862
2018/8/15,601633,26.261,26.366,24.722,24.792,23163290
2018/8/16,601633,24.338,25.002,24.023,24.757,11809264
2018/8/17,601633,24.792,24.967,24.128,24.303,7548339
2018/8/20,601633,24.303,24.478,23.883,24.233,7160500
2018/8/21,601633,24.373,25.072,24.233,24.932,9985818
2018/8/22,601633,24.967,25.002,24.373,24.443,8297685
2018/8/23,601633,24.513,24.687,24.373,24.478,7586422
2018/8/24,601633,24.373,24.722,24.198,24.583,6421810
2018/8/27,601633,24.687,25.072,24.618,25.002,8965803
2018/8/28,601633,25.037,25.352,24.897,25.282,8878082
2018/8/29,601633,25.282,25.317,24.792,24.897,8562870
2018/8/30,601633,24.827,25.037,24.687,24.722,7927947
2018/8/31,601633,25.177,25.177,24.548,24.862,8297389
2018/9/3,601633,24.827,25.002,24.513,24.757,10313069
2018/9/4,601633,24.722,25.247,24.652,25.107,10437517
2018/9/5,601633,25.037,25.352,24.757,24.862,9768007
2018/9/6,601633,24.618,24.687,23.953,23.988,14821266
2018/9/7,601633,24.093,24.443,24.093,24.303,11376868
2018/9/10,601633,24.198,24.687,24.198,24.338,10098976
2018/9/11,601633,24.373,24.583,23.603,24.198,11540804
2018/9/12,601633,24.128,24.618,23.988,24.443,10391329
2018/9/13,601633,24.722,24.827,24.233,24.548,6942192
2018/9/14,601633,24.652,25.597,24.618,25.387,19726446
2018/9/17,601633,25.387,25.387,24.757,25.072,10718574
2018/9/18,601633,25.037,25.317,24.757,25.247,8530900
2018/9/19,601633,25.247,26.401,25.142,26.016,17277246
2018/9/20,601633,26.016,26.331,25.667,25.911,9677579
2018/9/21,601633,26.016,28.394,25.946,28.079,32467876
2018/9/24,601633,28.079,28.079,28.079,28.079,0
2018/9/25,601633,27.275,28.114,27.205,27.59,19767154
2018/9/26,601633,27.87,27.905,27.415,27.555,12655076
2018/9/27,601633,27.625,27.695,26.89,26.89,12811882
2018/9/28,601633,26.925,28.149,26.925,27.52,21401537
2018/10/1,601633,27.52,27.52,27.52,27.52,0
2018/10/2,601633,27.52,27.52,27.52,27.52,0
2018/10/3,601633,27.52,27.52,27.52,27.52,0
2018/10/4,601633,27.52,27.52,27.52,27.52,0
2018/10/5,601633,27.52,27.52,27.52,27.52,0
2018/10/8,601633,26.576,27.345,26.401,26.821,14089364
2018/10/9,601633,26.821,27.485,26.366,26.576,12826599
2018/10/10,601633,26.89,26.89,25.492,25.876,13415311
2018/10/11,601633,24.827,25.457,23.673,24.338,16534624
2018/10/12,601633,24.198,24.303,23.429,23.813,22050683
2018/10/15,601633,23.883,23.953,21.435,21.575,38764572
2018/10/16,601633,21.575,21.89,20.771,20.981,19702007
2018/10/17,601633,21.121,21.4,20.351,21.016,13556736
2018/10/18,601633,21.051,21.4,20.701,21.121,16818424
2018/10/19,601633,20.911,21.435,19.757,21.261,15979613
2018/10/22,601633,21.47,22.205,21.261,21.82,28249062
2018/10/23,601633,21.82,21.925,21.191,21.331,16999713
2018/10/24,601633,21.261,21.505,20.491,20.911,19846408
2018/10/25,601633,20.316,21.505,19.967,21.47,22205406
2018/10/26,601633,21.54,21.89,21.226,21.47,14406822
2018/10/29,601633,21.226,21.226,20.142,20.281,24281165
2018/10/30,601633,20.666,21.505,20.526,21.4,29027484
2018/10/31,601633,20.981,22.1,20.981,21.435,24762124
2018/11/1,601633,21.54,21.855,21.331,21.435,20214458
2018/11/2,601633,21.82,21.96,21.54,21.925,23203402
2018/11/5,601633,21.855,22.345,21.61,22.17,19091866
2018/11/6,601633,22.17,22.484,21.61,21.995,24322599
2018/11/7,601633,21.925,22.1,21.61,21.715,19168310
2018/11/8,601633,21.96,22.17,21.715,21.75,18553525
2018/11/9,601633,21.715,21.925,21.54,21.715,13184362
2018/11/12,601633,21.715,22.519,21.61,22.345,20957119
2018/11/13,601633,21.995,22.659,21.785,22.519,19621211
2018/11/14,601633,22.484,22.694,22.17,22.31,17995489
2018/11/15,601633,22.31,22.484,22.135,22.38,17835871
2018/11/16,601633,22.415,22.484,22.135,22.31,30120685
2018/11/19,601633,22.275,22.484,21.855,22.415,28058028
2018/11/20,601633,22.17,22.484,21.855,21.96,23267438
2018/11/21,601633,21.75,22.275,21.645,22.24,17571200
2018/11/22,601633,22.24,22.834,22.135,22.484,21084944
2018/11/23,601633,22.45,22.45,21.47,21.54,18554378
2018/11/26,601633,21.505,21.68,21.261,21.4,11754954
2018/11/27,601633,21.505,21.715,21.4,21.54,9648535
2018/11/28,601633,21.54,21.785,21.261,21.715,9902780
2018/11/29,601633,21.785,22.31,21.715,21.75,16066882
2018/11/30,601633,21.785,21.785,21.156,21.505,13489120
2018/12/3,601633,21.96,22.17,21.82,22.03,21673371
2018/12/4,601633,21.96,22.275,21.89,22.1,17496908
2018/12/5,601633,21.75,21.855,21.261,21.54,32610381
2018/12/6,601633,21.435,21.435,21.121,21.121,16548435
2018/12/7,601633,21.191,21.261,20.911,20.981,13496606
2018/12/10,601633,20.946,20.946,20.491,20.666,16568926
2018/12/11,601633,20.701,20.701,20.456,20.631,11285859
2018/12/12,601633,20.701,20.771,20.526,20.631,12885372
2018/12/13,601633,20.806,21.016,20.526,20.946,21397467
2018/12/14,601633,20.911,20.911,20.491,20.561,15483939
2018/12/17,601633,20.561,20.561,20.037,20.316,11466495
2018/12/18,601633,20.177,20.386,20.037,20.177,11242463
2018/12/19,601633,20.212,20.247,19.897,19.932,9239937
2018/12/20,601633,19.827,20.002,19.792,19.897,8895977
2018/12/21,601633,19.827,19.862,19.477,19.617,10556601
2018/12/24,601633,19.582,19.862,19.442,19.757,9079015
2018/12/25,601633,19.582,19.582,19.232,19.512,12587472
2018/12/26,601633,19.547,19.617,19.407,19.477,7545025
2018/12/27,601633,19.722,19.827,19.407,19.442,9937395
2018/12/28,601633,19.477,19.652,19.372,19.582,7623712
2018/12/31,601633,19.582,19.582,19.582,19.582,0
2019/1/1,601633,19.582,19.582,19.582,19.582,0
2019/1/2,601633,19.652,19.687,19.372,19.617,7983649
2019/1/3,601633,19.617,19.757,19.337,19.512,10235998
2019/1/4,601633,19.337,19.792,19.232,19.757,14667706
2019/1/7,601633,19.862,20.072,19.722,20.072,14176603
2019/1/8,601633,20.037,20.072,19.827,19.862,9664391
2019/1/9,601633,21.365,21.855,21.365,21.855,57580227
2019/1/10,601633,21.715,21.89,21.016,21.331,50386763
2019/1/11,601633,21.121,21.82,21.051,21.61,33747095
2019/1/14,601633,21.505,21.575,21.016,21.051,20283444
2019/1/15,601633,21.261,21.296,20.911,21.156,21091860
2019/1/16,601633,21.156,21.645,21.086,21.4,30412085
2019/1/17,601633,21.331,21.575,21.226,21.261,20182417
2019/1/18,601633,21.261,21.82,21.086,21.68,27157146
2019/1/21,601633,21.715,22.38,21.715,22.03,29212693
2019/1/22,601633,22.03,22.03,21.331,21.505,14904738
2019/1/23,601633,21.365,22.869,21.261,22.415,33443568
2019/1/24,601633,22.415,22.869,22.205,22.484,21052930
2019/1/25,601633,22.729,23.324,22.345,23.149,26786206
2019/1/28,601633,23.149,23.568,22.659,23.184,28987043
2019/1/29,601633,23.289,23.394,22.135,22.659,29955106
2019/1/30,601633,22.834,23.149,22.45,22.904,15908313
2019/1/31,601633,22.939,23.813,22.834,23.079,23526498
2019/2/1,601633,23.359,24.198,22.904,24.093,22365353
2019/2/4,601633,24.093,24.093,24.093,24.093,0
2019/2/5,601633,24.093,24.093,24.093,24.093,0
2019/2/6,601633,24.093,24.093,24.093,24.093,0
2019/2/7,601633,24.093,24.093,24.093,24.093,0
2019/2/8,601633,24.093,24.093,24.093,24.093,0
2019/2/11,601633,24.093,24.548,23.813,24.268,15299172
2019/2/12,601633,24.303,25.492,24.128,25.492,23990830
2019/2/13,601633,25.352,27.17,24.967,26.086,31390799
2019/2/14,601633,25.667,25.946,25.212,25.527,20388129
2019/2/15,601633,25.282,25.282,24.687,24.827,19795012
2019/2/18,601633,24.932,25.876,24.583,25.736,37922455
2019/2/19,601633,25.562,25.981,25.177,25.457,19037888
2019/2/20,601633,25.457,26.96,25.212,26.366,30420637
2019/2/21,601633,26.366,28.359,26.296,27.59,31838025
2019/2/22,601633,27.135,28.919,26.925,28.709,26545782
2019/2/25,601633,28.849,29.513,28.254,29.093,37094802
2019/2/26,601633,29.128,29.128,28.254,28.359,34762114
2019/2/27,601633,28.219,28.429,27.31,27.625,24655347
2019/2/28,601633,27.625,28.184,27.205,27.52,17609716
2019/3/1,601633,27.555,28.674,27.24,28.534,21382887
2019/3/4,601633,28.814,29.023,28.149,28.359,29961150
2019/3/5,601633,28.429,28.604,28.079,28.394,16228761
2019/3/6,601633,28.394,28.849,27.905,28.744,27217697
2019/3/7,601633,28.884,28.884,27.939,28.114,25434540
2019/3/8,601633,27.939,27.939,25.667,25.806,42312756
2019/3/11,601633,25.806,26.716,25.597,26.646,22551770
2019/3/12,601633,26.681,27.345,26.576,26.925,24729952
2019/3/13,601633,27.065,27.205,26.086,26.261,19021260
2019/3/14,601633,26.191,26.401,25.282,25.597,17669672
2019/3/15,601633,25.771,26.681,25.632,26.331,20565155
2019/3/18,601633,26.646,27.03,26.191,26.925,26671779
2019/3/19,601633,26.925,26.995,26.576,26.646,15308582
2019/3/20,601633,26.716,26.855,26.331,26.611,13211446
2019/3/21,601633,26.576,27.45,26.506,27.135,21388727
2019/3/22,601633,27.065,28.604,26.855,27.905,36450403
2019/3/25,601633,27.45,27.905,26.925,27.17,25830362
2019/3/26,601633,27.31,27.345,26.051,26.821,18775691
2019/3/27,601633,26.89,26.995,26.226,26.401,10959042
2019/3/28,601633,26.261,26.681,25.841,26.541,11040484
2019/3/29,601633,26.436,27.555,26.261,27.38,18011757
2019/4/1,601633,27.485,28.464,27.485,28.149,37161977
2019/4/2,601633,28.219,30.667,27.905,29.933,59131231
2019/4/3,601633,30.073,32.625,29.618,32.136,66146009
2019/4/4,601633,31.996,34.863,31.716,33.29,49108722
2019/4/5,601633,33.29,33.29,33.29,33.29,0
2019/4/8,601633,34.129,34.374,31.611,32.345,39313952
2019/4/9,601633,32.835,34.024,32.52,32.87,30383210
2019/4/10,601633,32.94,35.877,32.415,34.968,43014299
2019/4/11,601633,35.038,37.87,35.003,36.227,45377589
2019/4/12,601633,36.017,36.542,34.269,34.653,34767621
2019/4/15,601633,34.793,36.297,33.325,33.604,33113538
2019/4/16,601633,33.639,33.919,31.961,33.395,35276567
2019/4/17,601633,33.639,36.751,33.499,36.751,50189387
2019/4/18,601633,38.465,38.884,35.667,36.507,46309991
2019/4/19,601633,36.577,38.29,35.178,36.891,36910514
2019/4/22,601633,36.891,37.066,35.073,35.563,26586546
2019/4/23,601633,35.213,35.842,33.954,34.968,21860823
2019/4/24,601633,35.038,36.017,34.444,34.898,21924090
2019/4/25,601633,34.653,35.353,34.059,34.234,22104986
2019/4/26,601633,33.919,34.479,32.59,32.905,19337102
2019/4/29,601633,33.045,33.674,32.206,32.52,18691394
2019/4/30,601633,31.751,31.856,30.352,31.541,25172368
2019/5/1,601633,31.541,31.541,31.541,31.541,0
2019/5/2,601633,31.541,31.541,31.541,31.541,0
2019/5/3,601633,31.541,31.541,31.541,31.541,0
2019/5/6,601633,30.667,30.667,28.464,28.884,27853606
2019/5/7,601633,28.884,30.212,28.779,29.513,24738064
2019/5/8,601633,28.534,30.912,28.429,29.688,19258557
2019/5/9,601633,29.548,30.073,28.989,29.338,17271066
2019/5/10,601633,29.408,31.366,29.408,30.842,25176277
2019/5/13,601633,30.807,30.807,29.058,29.583,16630466
2019/5/14,601633,28.814,29.898,28.779,29.548,10889258
2019/5/15,601633,29.828,30.667,29.653,30.632,13301725
2019/5/16,601633,30.317,31.611,30.317,31.122,21038595
2019/5/17,601633,31.087,31.087,29.233,29.408,15147234
2019/5/20,601633,29.443,29.548,28.009,28.674,15628419
2019/5/21,601633,28.849,29.548,28.674,29.198,12311917
2019/5/22,601633,29.198,29.618,28.569,29.198,13769174
2019/5/23,601633,29.023,29.093,27.485,27.87,18738752
2019/5/24,601633,28.009,29.338,27.625,28.464,18421133
2019/5/27,601633,28.289,28.954,27.135,28.604,21242070
2019/5/28,601633,28.324,31.052,27.625,30.212,36474041
2019/5/29,601633,30.038,30.912,29.898,30.492,18924944
2019/5/30,601633,30.247,30.282,29.408,29.898,15326682
2019/5/31,601633,29.898,30.115,29.138,29.898,12909293
2019/6/3,601633,30.911,31.599,29.898,31.273,25420805
2019/6/4,601633,30.984,31.961,30.585,31.852,14576730
2019/6/5,601633,32.576,32.793,31.346,31.78,19454263
2019/6/6,601633,32.395,32.54,30.803,30.911,30205020
2019/6/7,601633,30.911,30.911,30.911,30.911,0
2019/6/10,601633,31.744,33.336,31.49,32.757,29395852
2019/6/11,601633,32.395,33.3,31.707,33.083,29507233
2019/6/12,601633,33.083,33.119,31.707,31.888,22729832
2019/6/13,601633,31.563,31.635,30.404,31.237,22522463
2019/6/14,601633,31.237,31.237,30.404,30.477,10670138
2019/6/17,601633,30.477,30.947,30.151,30.404,7247001
2019/6/18,601633,30.296,30.73,30.079,30.115,7650681
2019/6/19,601633,30.766,31.02,30.042,30.223,14230937
2019/6/20,601633,30.079,30.947,29.717,30.694,19068707
2019/6/21,601633,30.658,31.382,30.549,31.346,22928023
2019/6/24,601633,31.309,31.49,30.585,31.165,17255463
2019/6/25,601633,31.165,31.201,30.115,30.151,15795496
2019/6/26,601633,29.97,30.368,29.717,29.97,11428727
2019/6/27,601633,30.151,30.187,29.608,29.97,12379987
2019/6/28,601633,29.97,30.115,29.681,29.934,7021713
2019/7/1,601633,30.368,31.092,30.296,30.984,17069767
2019/7/2,601633,30.947,33.988,30.766,33.553,44323475
2019/7/3,601633,32.974,34.82,32.287,33.626,25093706
2019/7/4,601633,33.119,34.35,32.576,33.083,20855846
2019/7/5,601633,33.047,33.445,32.757,33.228,11496218
2019/7/8,601633,32.902,33.228,31.527,31.961,18217571
2019/7/9,601633,31.961,34.314,31.671,33.698,31922636
2019/7/10,601633,33.698,33.879,32.649,33.264,21069729
2019/7/11,601633,33.264,33.445,31.707,32.178,19772036
2019/7/12,601633,32.142,32.214,31.165,31.888,17102266
2019/7/15,601633,31.671,32.069,30.803,31.454,21885815
2019/7/16,601633,31.454,31.563,30.585,31.092,21083582
2019/7/17,601633,30.766,31.382,30.622,30.875,16990699
2019/7/18,601633,30.766,30.766,29.898,29.934,16293396
2019/7/19,601633,29.97,30.513,29.97,30.006,12721422
2019/7/22,601633,29.536,29.608,28.667,29.138,13514343
2019/7/23,601633,28.993,30.513,28.631,30.441,22375254
2019/7/24,601633,30.296,30.911,30.115,30.223,13041266
2019/7/25,601633,30.404,30.404,30.079,30.187,6311682
2019/7/26,601633,30.042,30.766,29.97,30.585,12542699
2019/7/29,601633,30.585,30.694,30.223,30.694,5708427
2019/7/30,601633,30.694,31.128,30.404,30.803,8145306
2019/7/31,601633,30.875,31.02,30.187,30.332,6374691
2019/8/1,601633,30.187,30.513,29.572,29.825,8680644
2019/8/2,601633,29.029,29.5,28.776,29.282,9593432
2019/8/5,601633,29.246,29.391,28.776,28.776,7470533
2019/8/6,601633,28.269,28.377,26.893,27.147,23330535
2019/8/7,601633,27.292,27.762,27.038,27.364,9536545
2019/8/8,601633,27.69,28.522,27.654,28.269,9600889
2019/8/9,601633,28.884,29.862,28.595,28.776,20816803
2019/8/12,601633,28.848,29.282,28.45,28.884,9189263
2019/8/13,601633,28.558,28.884,27.436,28.631,18410943
2019/8/14,601633,28.957,29.427,28.595,29.029,11884799
2019/8/15,601633,28.16,30.151,27.979,29.825,21730991
2019/8/16,601633,30.006,30.187,29.5,29.572,11392391
2019/8/19,601633,30.042,30.839,29.608,30.441,17549298
2019/8/20,601633,30.658,30.839,30.26,30.404,10357859
2019/8/21,601633,30.441,30.513,30.079,30.115,8598621
2019/8/22,601633,30.332,30.404,29.862,30.042,10629904
2019/8/23,601633,30.115,30.585,29.862,30.079,8399775
2019/8/26,601633,29.282,30.766,29.174,29.825,14420816
2019/8/27,601633,30.042,30.658,29.898,30.26,15013918
2019/8/28,601633,31.128,32.287,30.513,30.947,22783075
2019/8/29,601633,30.875,30.875,29.97,30.006,12377292
2019/8/30,601633,30.187,30.368,29.427,29.572,9232785
2019/9/2,601633,29.427,29.934,29.355,29.717,9580127
2019/9/3,601633,29.825,29.862,29.174,29.246,14053313
2019/9/4,601633,29.174,29.355,29.029,29.282,10146688
2019/9/5,601633,29.391,29.862,29.282,29.463,20291842
2019/9/6,601633,29.608,30.658,29.608,30.368,24937762
2019/9/9,601633,31.201,31.563,30.441,30.766,24868207
2019/9/10,601633,30.984,30.984,30.404,30.585,16847483
2019/9/11,601633,30.766,30.839,30.404,30.513,13069565
2019/9/12,601633,30.585,30.766,30.296,30.658,12496915
2019/9/13,601633,30.658,30.658,30.658,30.658,0
2019/9/16,601633,31.201,31.49,30.658,30.694,16826149
2019/9/17,601633,30.73,30.73,29.427,29.536,24062549
2019/9/18,601633,29.536,29.753,29.355,29.608,10945816
2019/9/19,601633,29.536,29.717,29.319,29.572,9633615
2019/9/20,601633,29.717,29.753,29.355,29.427,12605877
2019/9/23,601633,29.319,29.319,28.522,28.993,17875506
2019/9/24,601633,28.884,29.355,28.667,28.848,11777791
2019/9/25,601633,28.884,29.246,28.45,29.101,13090511
2019/9/26,601633,28.957,29.138,27.943,28.124,17702073
2019/9/27,601633,28.269,28.414,27.871,28.088,6869408
2019/9/30,601633,28.088,28.414,27.871,27.871,6940473
2019/10/1,601633,27.871,27.871,27.871,27.871,0
2019/10/2,601633,27.871,27.871,27.871,27.871,0
2019/10/3,601633,27.871,27.871,27.871,27.871,0
2019/10/4,601633,27.871,27.871,27.871,27.871,0
2019/10/7,601633,27.871,27.871,27.871,27.871,0
2019/10/8,601633,27.871,28.341,27.871,27.979,7345352
2019/10/9,601633,27.835,27.871,27.509,27.69,11273463
2019/10/10,601633,27.654,28.196,27.545,28.124,8127527
2019/10/11,601633,28.196,28.269,27.943,28.124,7287094
2019/10/14,601633,28.667,29.065,28.45,28.595,14920095
2019/10/15,601633,28.522,28.812,28.16,28.631,8157213
2019/10/16,601633,28.631,28.812,28.377,28.486,5608094
2019/10/17,601633,28.486,28.486,28.016,28.088,7006730
2019/10/18,601633,28.196,28.233,27.255,27.545,12081976
2019/10/21,601633,27.436,27.617,26.966,27.545,5669366
2019/10/22,601633,27.545,28.196,27.473,28.196,7947172
2019/10/23,601633,28.196,28.414,27.835,27.907,7341336
2019/10/24,601633,28.088,28.233,27.798,27.979,5010835
2019/10/25,601633,28.052,28.631,27.798,28.595,12958106
2019/10/28,601633,31.128,31.454,30.042,31.454,70276505
2019/10/29,601633,31.49,32.974,31.454,32.612,56868886
2019/10/30,601633,32.612,33.192,32.069,33.047,34111159
2019/10/31,601633,33.047,33.734,31.925,32.504,38571394
2019/11/1,601633,32.721,33.843,32.323,33.228,27475105
2019/11/4,601633,33.228,33.952,33.011,33.553,22476898
2019/11/5,601633,33.553,34.458,33.409,33.807,20843813
2019/11/6,601633,34.096,34.096,33.228,33.517,16868030
2019/11/7,601633,33.481,34.386,33.372,33.843,16016910
2019/11/8,601633,34.314,36.485,34.06,35.761,35494808
2019/11/11,601633,35.617,36.485,34.603,34.712,20998125
2019/11/12,601633,34.603,35.725,34.024,35.037,19550442
2019/11/13,601633,35.363,35.363,34.386,34.784,10631603
2019/11/14,601633,34.603,34.82,34.241,34.458,12134480
2019/11/15,601633,34.422,35.472,33.771,34.277,19771099
2019/11/18,601633,34.458,34.929,33.952,34.567,9362971
2019/11/19,601633,35.11,35.11,34.531,34.676,12370744
2019/11/20,601633,34.748,35.725,33.952,34.241,16870533
2019/11/21,601633,33.807,34.422,33.372,34.024,12286930
2019/11/22,601633,34.096,34.314,33.155,33.59,14646334
2019/11/25,601633,34.06,34.205,33.445,33.771,13331009
2019/11/26,601633,33.952,34.241,33.517,33.662,9148991
2019/11/27,601633,33.915,34.422,33.228,33.553,10506634
2019/11/28,601633,33.445,33.626,32.287,32.974,19268122
2019/11/29,601633,33.3,34.531,33.192,33.734,21597152
2019/12/2,601633,33.807,34.205,32.866,33.083,16385871
2019/12/3,601633,32.938,33.771,32.83,33.771,16364487
2019/12/4,601633,33.409,33.988,32.974,33.083,12359548
2019/12/5,601633,33.264,33.553,32.938,33.517,9546662
2019/12/6,601633,33.336,33.409,31.599,32.468,27570649
2019/12/9,601633,32.359,32.757,32.033,32.359,16170383
2019/12/10,601633,31.888,32.142,31.346,31.925,15069991
2019/12/11,601633,32.25,33.228,31.707,32.685,26063746
2019/12/12,601633,32.938,33.047,31.997,32.106,12590618
2019/12/13,601633,32.468,32.757,32.069,32.214,13226423
2019/12/16,601633,32.721,32.83,32.323,32.685,14596690
2019/12/17,601633,32.757,33.879,32.25,33.083,24420140
2019/12/18,601633,33.155,33.3,32.649,32.757,15035845
2019/12/19,601633,32.576,32.685,31.888,32.106,20590608
2019/12/20,601633,32.214,32.504,31.707,31.925,13668249
2019/12/23,601633,31.852,32.178,31.309,31.418,13546881
2019/12/24,601633,31.418,31.635,31.309,31.635,8589758
2019/12/25,601633,31.852,32.504,31.852,31.961,13158400
2019/12/26,601633,31.78,32.033,31.49,31.78,10248058
2019/12/27,601633,31.78,32.106,31.599,31.707,13328581
2019/12/30,601633,31.888,32.033,31.092,31.997,16342779
2019/12/31,601633,31.925,32.106,31.635,32.033,12583066
2020/1/1,601633,32.033,32.033,32.033,32.033,0
2020/1/2,601633,32.214,33.915,32.106,33.3,26672554
2020/1/3,601633,33.481,33.698,32.866,33.192,16730362
2020/1/6,601633,32.938,33.264,32.323,32.431,22184912
2020/1/7,601633,32.504,33.119,32.395,33.119,18868124
2020/1/8,601633,33.047,33.047,32.287,32.504,15659666
2020/1/9,601633,32.612,33.047,32.612,32.938,12998243
2020/1/10,601633,32.757,33.192,32.25,33.047,18101757
2020/1/13,601633,33.264,33.952,32.612,32.866,25147830
2020/1/14,601633,32.83,33.155,32.323,32.359,23151894
2020/1/15,601633,32.323,32.323,31.671,31.852,20862943
2020/1/16,601633,32.069,32.069,31.418,31.418,18366196
2020/1/17,601633,31.635,31.816,31.382,31.635,13260357
2020/1/20,601633,31.888,32.359,31.852,32.069,16096862
2020/1/21,601633,32.178,32.178,31.128,31.128,18033553
2020/1/22,601633,31.128,31.744,30.404,31.49,13787234
2020/1/23,601633,31.309,31.49,29.681,30.223,17722720
2020/1/24,601633,30.223,30.223,30.223,30.223,0
2020/1/27,601633,30.223,30.223,30.223,30.223,0
2020/1/28,601633,30.223,30.223,30.223,30.223,0
2020/1/29,601633,30.223,30.223,30.223,30.223,0
2020/1/30,601633,30.223,30.223,30.223,30.223,0
2020/1/31,601633,30.223,30.223,30.223,30.223,0
2020/2/3,601633,27.219,27.581,27.219,27.219,20989779
2020/2/4,601633,27.074,27.798,26.785,27.364,30722171
2020/2/5,601633,27.364,28.595,27.364,27.654,31005698
2020/2/6,601633,27.726,28.269,27.364,28.052,17029015
2020/2/7,601633,27.943,28.16,27.328,27.943,22817766
2020/2/10,601633,27.545,28.305,27.4,28.233,20630327
2020/2/11,601633,28.233,28.631,28.088,28.305,16609121
2020/2/12,601633,28.377,28.45,28.052,28.414,10525101
2020/2/13,601633,28.305,29.101,28.305,28.884,21505156
2020/2/14,601633,28.776,29.029,28.486,28.848,14535279
2020/2/17,601633,29.319,31.382,29.319,31.346,40501961
2020/2/18,601633,31.346,31.744,30.803,31.527,29326909
2020/2/19,601633,31.418,31.961,30.947,30.984,18393350
2020/2/20,601633,31.165,31.201,30.622,31.128,20326358
2020/2/21,601633,31.925,32.359,31.346,32.069,32033467
2020/2/24,601633,32.106,34.024,31.78,33.264,40312110
2020/2/25,601633,32.431,35.255,32.214,34.603,48784772
2020/2/26,601633,33.879,35.037,33.372,33.409,38462891
2020/2/27,601633,33.517,33.698,32.395,33.047,28078667
2020/2/28,601633,32.214,33.047,30.477,32.033,43821252
2020/3/2,601633,31.852,33.771,31.707,33.481,34406137
2020/3/3,601633,33.988,34.205,32.431,32.721,27220588
2020/3/4,601633,33.119,33.119,32.033,32.757,19833870
2020/3/5,601633,33.047,33.59,32.576,33.228,32029010
2020/3/6,601633,32.83,33.517,32.757,32.974,18021196
2020/3/9,601633,32.576,32.721,31.056,31.454,27747888
2020/3/10,601633,30.73,32.649,30.694,32.395,23450580
2020/3/11,601633,32.431,33.843,32.287,33.155,31432447
2020/3/12,601633,32.793,33.59,32.106,33.264,25432246
2020/3/13,601633,31.852,33.59,31.49,33.553,28542990
2020/3/16,601633,33.517,33.553,30.694,31.092,32476820
2020/3/17,601633,30.947,31.635,29.355,29.717,20739070
2020/3/18,601633,29.825,30.839,29.138,29.282,33793363
2020/3/19,601633,29.717,29.825,27.835,29.717,41177794
2020/3/20,601633,29.898,30.694,29.463,30.368,23257052
2020/3/23,601633,29.608,29.681,28.233,28.233,19034622
2020/3/24,601633,28.739,31.056,28.558,31.056,29015214
2020/3/25,601633,31.961,33.336,31.346,32.793,43450548
2020/3/26,601633,32.576,32.685,31.671,32.214,22837893
2020/3/27,601633,32.649,33.011,31.888,32.395,16474760
2020/3/30,601633,32.287,32.902,30.803,32.685,17615770
2020/3/31,601633,32.721,32.938,32.106,32.178,21250322
2020/4/1,601633,32.178,33.3,30.513,30.694,37336546
2020/4/2,601633,30.042,30.26,29.21,30.042,26259042
2020/4/3,601633,30.223,30.404,29.463,29.536,15295169
2020/4/6,601633,29.536,29.536,29.536,29.536,0
2020/4/7,601633,30.042,30.296,29.572,30.115,19907747
2020/4/8,601633,29.898,29.97,29.427,29.717,12815735
2020/4/9,601633,29.898,30.187,29.717,29.934,16261500
2020/4/10,601633,30.006,30.006,29.065,29.246,16406640
2020/4/13,601633,29.246,29.355,28.667,29.246,10269161
2020/4/14,601633,29.029,29.572,29.029,29.427,13627275
2020/4/15,601633,29.427,29.681,29.246,29.282,10850950
2020/4/16,601633,29.174,29.463,28.848,29.029,14891703
2020/4/17,601633,29.174,29.536,29.101,29.282,11637951
2020/4/20,601633,29.463,29.463,29.101,29.355,7855156
2020/4/21,601633,29.282,29.282,28.631,28.848,9843887
2020/4/22,601633,28.667,29.174,28.377,29.101,7296521
2020/4/23,601633,29.246,29.319,28.776,28.92,8543688
2020/4/24,601633,29.282,29.536,28.486,28.631,10967441
2020/4/27,601633,28.595,28.631,27.762,28.486,10677761
2020/4/28,601633,28.414,28.631,27.69,28.052,10660179
2020/4/29,601633,28.052,28.595,27.871,28.305,9299872
2020/4/30,601633,28.45,29.5,28.414,29.174,14858921
2020/5/1,601633,29.174,29.174,29.174,29.174,0
2020/5/4,601633,29.174,29.174,29.174,29.174,0
2020/5/5,601633,29.174,29.174,29.174,29.174,0
2020/5/6,601633,28.92,30.115,28.812,29.898,19706106
2020/5/7,601633,29.862,29.862,29.319,29.644,10675321
2020/5/8,601633,29.572,30.585,29.572,30.368,18830981
2020/5/11,601633,30.658,32.214,30.658,31.273,25329454
2020/5/12,601633,31.273,31.563,30.803,31.165,10123099
2020/5/13,601633,31.02,31.671,30.622,31.201,8393555
2020/5/14,601633,31.02,31.165,30.223,30.404,13224411
2020/5/15,601633,30.404,30.73,29.608,29.862,9809206
2020/5/18,601633,29.97,30.006,29.355,29.644,6377292
2020/5/19,601633,30.368,30.477,29.681,29.753,7834108
2020/5/20,601633,29.681,30.042,29.391,29.5,7548821
2020/5/21,601633,29.5,29.753,29.174,29.319,5808200
2020/5/22,601633,29.319,29.681,28.848,29.029,8418604
2020/5/25,601633,29.065,29.138,28.341,28.522,11556827
2020/5/26,601633,28.631,29.065,28.631,28.776,9472673
2020/5/27,601633,28.848,29.862,28.522,29.029,14006443
2020/5/28,601633,29.101,29.319,28.631,28.957,9060676
2020/5/29,601633,28.92,29.101,28.739,28.92,6233024
2020/6/1,601633,29.138,29.825,29.029,29.536,11540600
2020/6/2,601633,29.681,29.717,29.138,29.319,8083501
2020/6/3,601633,29.572,30.694,29.427,30.404,24332620
2020/6/4,601633,30.404,30.585,29.717,29.862,15773574
2020/6/5,601633,29.862,30.187,29.391,29.608,8762404
2020/6/8,601633,29.753,30.947,29.536,30.947,26875395
2020/6/9,601633,30.766,31.02,30.368,30.549,13121436
2020/6/10,601633,30.513,31.128,30.223,30.73,14578178
2020/6/11,601633,30.875,31.201,30.151,30.26,13611347
2020/6/12,601633,29.753,30.368,29.463,30.115,10602344
2020/6/15,601633,29.934,30.042,29.572,29.644,8886288
2020/6/16,601633,29.934,30.26,29.608,29.825,12927044
2020/6/17,601633,29.789,29.789,29.246,29.427,12511760
2020/6/18,601633,29.536,29.681,29.319,29.463,10278033
2020/6/19,601633,29.5,29.898,29.355,29.862,13729255
2020/6/22,601633,30.26,30.332,29.5,29.608,12800265
2020/6/23,601633,29.463,29.536,29.065,29.21,11124522
2020/6/24,601633,29.391,29.572,28.92,29.5,13619798
2020/6/25,601633,29.5,29.5,29.5,29.5,0
2020/6/26,601633,29.5,29.5,29.5,29.5,0
2020/6/29,601633,29.5,29.5,28.522,28.667,26330602
2020/6/30,601633,29.116,29.116,28.667,28.854,11279987
2020/7/1,601633,29.041,29.676,28.891,29.676,15954290
2020/7/2,601633,29.788,30.199,29.527,30.05,24352410
2020/7/3,601633,30.125,31.694,30.087,31.47,40771011
2020/7/6,601633,31.993,33.862,31.956,33.451,42196179
2020/7/7,601633,33.825,34.572,33.152,33.376,28081079
2020/7/8,601633,33.115,35.058,32.816,34.199,33126747
2020/7/9,601633,34.236,36.067,34.199,35.582,31245270
2020/7/10,601633,35.881,37.6,35.058,36.441,36931680
2020/7/13,601633,36.03,39.768,36.03,38.833,31276915
2020/7/14,601633,38.871,40.328,37.376,39.319,29509726
2020/7/15,601633,38.983,40.366,37.6,39.095,33896688
2020/7/16,601633,38.871,40.627,37.749,37.749,24124999
2020/7/17,601633,37.376,40.253,37.376,39.917,24888315
2020/7/20,601633,39.917,41.487,39.17,41.076,23625536
2020/7/21,601633,41.674,45.187,41.188,44.739,31922339
2020/7/22,601633,44.776,48.513,42.832,44.402,36630660
2020/7/23,601633,44.327,46.271,43.729,46.196,33435451
2020/7/24,601633,48.289,50.457,47.878,48.812,55875413
2020/7/27,601633,49.037,53.036,48.14,52.7,42878063
2020/7/28,601633,53.858,55.241,47.467,48.962,67358371
2020/7/29,601633,47.654,51.317,46.159,51.018,43686759
2020/7/30,601633,50.457,51.915,48.626,49.336,33450996
2020/7/31,601633,48.626,51.205,48.102,49.896,32281642
2020/8/3,601633,50.083,53.447,49.149,52.662,34824832
2020/8/4,601633,52.326,53.783,50.644,52.176,26134659
2020/8/5,601633,51.354,53.223,50.98,52.625,17590513
2020/8/6,601633,52.625,53.372,51.877,52.812,17760156
2020/8/7,601633,52.251,56.96,51.242,54.568,26933317
2020/8/10,601633,54.494,57.484,53.821,57.484,32791799
2020/8/11,601633,57.334,58.829,54.867,54.979,23074476
2020/8/12,601633,54.68,55.241,50.457,52.513,29875196
2020/8/13,601633,52.288,54.755,51.877,53.597,20551296
2020/8/14,601633,53.559,54.344,51.578,52.999,15056924
2020/8/17,601633,52.475,55.129,52.064,54.942,20982708
2020/8/18,601633,54.568,56.25,53.821,54.531,16464149
2020/8/19,601633,54.419,54.531,52.999,52.999,11186815
2020/8/20,601633,52.812,52.812,50.083,51.242,22942254
2020/8/21,601633,51.69,53.447,51.205,51.653,11885420
2020/8/24,601633,51.952,52.326,51.055,51.803,11104091
2020/8/25,601633,52.251,52.251,50.868,51.429,10506217
2020/8/26,601633,51.728,51.915,49.784,50.457,10021641
2020/8/27,601633,51.354,51.354,49.448,50.457,9607378
2020/8/28,601633,50.607,51.429,49.896,51.13,11900936
2020/8/31,601633,52.401,54.269,50.943,52.139,28994278
2020/9/1,601633,51.578,57.371,51.391,57.371,33090965
2020/9/2,601633,59.801,60.735,56.624,59.614,60089607
2020/9/3,601633,58.306,59.614,56.101,58.119,28629168
2020/9/4,601633,56.811,61.408,56.437,59.39,33947393
2020/9/7,601633,59.053,62.716,59.016,61.109,37910983
2020/9/8,601633,61.296,67.239,60.96,62.716,48315222
2020/9/9,601633,62.417,65.594,59.091,63.352,37148925
2020/9/10,601633,64.286,65.407,62.417,63.688,24563548
2020/9/11,601633,62.417,64.66,61.408,64.548,19748478
2020/9/14,601633,64.697,66.491,62.305,63.688,21451235
2020/9/15,601633,63.688,64.847,61.969,64.398,27059474
2020/9/16,601633,64.249,68.921,63.202,68.098,30572133
2020/9/17,601633,67.949,72.994,66.865,71.574,39676455
2020/9/18,601633,70.827,71.761,67.276,71.761,41014432
2020/9/21,601633,69.818,70.789,67.276,68.024,33931446
2020/9/22,601633,67.426,67.799,65.033,66.155,20668161
2020/9/23,601633,65.519,68.024,65.519,66.267,22903471
2020/9/24,601633,65.37,66.192,63.165,63.912,28787619
2020/9/25,601633,65.407,67.276,63.987,64.697,19619351
2020/9/28,601633,65.856,68.509,65.632,68.435,31601588
2020/9/29,601633,69.145,69.519,65.033,67.313,31817869
2020/9/30,601633,67.276,73.256,66.23,71.462,34813447
2020/10/1,601633,71.462,71.462,71.462,71.462,0
2020/10/2,601633,71.462,71.462,71.462,71.462,0
2020/10/5,601633,71.462,71.462,71.462,71.462,0
2020/10/6,601633,71.462,71.462,71.462,71.462,0
2020/10/7,601633,71.462,71.462,71.462,71.462,0
2020/10/8,601633,71.462,71.462,71.462,71.462,0
2020/10/9,601633,75.05,77.928,73.256,74.34,36496122
2020/10/12,601633,77.218,81.778,75.125,81.778,37966004
2020/10/13,601633,84.058,89.963,79.946,89.963,50416373
2020/10/14,601633,89.851,89.851,84.88,86.637,42652560
2020/10/15,601633,89.514,91.421,84.843,84.917,43180163
2020/10/16,601633,85.964,86.711,82.488,84.17,32003679
2020/10/19,601633,83.647,88.58,81.778,85.665,40605659
2020/10/20,601633,85.665,94.224,83.534,94.186,57987859
2020/10/21,601633,91.944,96.055,90.823,91.832,44246843
2020/10/22,601633,91.196,96.018,86.524,92.579,43728327
2020/10/23,601633,92.579,96.018,89.253,93.252,40058173
2020/10/26,601633,87.833,93.962,86.711,89.589,45045645
2020/10/27,601633,87.795,88.879,85.59,86.936,34517875
2020/10/28,601633,88.318,94.112,86.936,92.056,46816739
2020/10/29,601633,89.701,95.42,88.879,91.122,52311966
2020/10/30,601633,91.757,94,87.833,88.655,47299781
2020/11/2,601633,88.692,92.953,88.132,91.383,44204967
2020/11/3,601633,91.757,99.045,88.692,96.055,61356172
2020/11/4,601633,96.055,105.324,94.149,103.605,74627089
2020/11/5,601633,104.652,107.941,102.409,107.268,64315815
2020/11/6,601633,106.52,111.753,102.446,105.997,60542716
2020/11/9,601633,104.689,105.885,100.989,103.53,49317089
2020/11/10,601633,102.26,102.26,93.626,99.045,57761655
2020/11/11,601633,96.728,98.634,91.421,92.318,48531655
2020/11/12,601633,92.878,97.214,92.505,95.98,36726915
2020/11/13,601633,97.176,98.933,95.308,96.803,35046390
2020/11/16,601633,96.242,96.242,90.075,93.252,42689915
2020/11/17,601633,94.822,97.774,93.626,94.56,41596279
2020/11/18,601633,93.439,96.242,91.57,94.784,31527648
2020/11/19,601633,96.279,97.139,91.196,93.177,30608342
2020/11/20,601633,94,100.877,93.252,99.419,56144292
2020/11/23,601633,100.167,103.792,97.176,101.923,50727691
2020/11/24,601633,104.614,105.287,98.485,98.858,43463637
2020/11/25,601633,98.597,106.52,97.027,103.717,55057917
2020/11/26,601633,100.765,101.699,97.513,100.054,35332657
2020/11/27,601633,100.54,104.539,98.559,102.073,36233447
2020/11/30,601633,102.035,104.764,99.045,104.24,43357480
2020/12/1,601633,104.24,105.212,100.951,104.465,37275736
2020/12/2,601633,102.858,103.418,96.99,98.447,44272658
2020/12/3,601633,97.55,97.924,93.439,93.887,39779959
2020/12/4,601633,93.738,95.98,91.757,94.897,21021248
2020/12/7,601633,93.476,94.448,92.43,93.588,19131515
2020/12/8,601633,95.308,98.111,95.121,96.765,37519371
2020/12/9,601633,97.475,97.475,93.663,94,21061787
2020/12/10,601633,92.691,93.439,89.963,91.196,26677724
2020/12/11,601633,91.981,94,91.234,93.177,23935619
2020/12/14,601633,93.177,100.54,90.823,99.718,44067192
2020/12/15,601633,99.793,104.876,98.933,102.633,42676535
2020/12/16,601633,102.671,103.53,99.12,101.475,27623108
2020/12/17,601633,100.765,102.671,98.298,98.447,26858443
2020/12/18,601633,98.634,108.277,97.625,108.277,66085387
2020/12/21,601633,110.632,118.667,108.912,116.612,90316487
2020/12/22,601633,115.341,124.274,112.912,113.248,61119028
2020/12/23,601633,115.864,124.573,114.369,124.573,58420500
2020/12/24,601633,123.339,123.414,117.733,121.358,42349809
2020/12/25,601633,115.864,127.824,112.949,124.909,36177654
2020/12/28,601633,124.648,135.15,121.545,131.973,49511273
2020/12/29,601633,129.319,138.29,125.208,127.04,52978693
2020/12/30,601633,128.572,139.598,127.04,138.962,51179314
2020/12/31,601633,139.037,142.737,136.159,141.317,44402448
2021/1/1,601633,141.317,141.317,141.317,141.317,0
2021/1/4,601633,135.001,146.886,134.589,142.438,41672249
2021/1/5,601633,142.438,144.868,138.327,143.111,38343056
2021/1/6,601633,142.737,146.064,136.608,140.607,32366117
2021/1/7,601633,139.785,154.66,138.252,154.66,45645138
2021/1/8,601633,157.762,160.864,149.502,158.846,39151455
2021/1/11,601633,159.967,174.394,159.967,172.376,44396931
2021/1/12,601633,168.19,186.28,162.957,182.281,49524090
2021/1/13,601633,182.281,193.306,177.534,186.168,55754438
2021/1/14,601633,181.309,185.009,167.555,167.555,50443327
2021/1/15,601633,157.239,179.403,150.81,162.621,86876198
2021/1/18,601633,156.977,157.688,150.287,153.987,55114884
2021/1/19,601633,154.772,156.342,147.26,149.353,48771908
2021/1/20,601633,150.399,155.594,148.082,151.371,44720080
2021/1/21,601633,150.549,157.202,142.887,152.679,67013883
2021/1/22,601633,150.138,153.688,143.447,147.148,59743431
2021/1/25,601633,147.634,161.874,147.484,161.874,80400312
2021/1/26,601633,164.453,172.675,157.052,165.35,66037556
2021/1/27,601633,162.584,164.453,151.147,157.762,47647062
2021/1/28,601633,151.745,161.5,148.755,153.165,36351781
2021/1/29,601633,155.109,159.893,151.633,156.678,31165111
2021/2/1,601633,153.24,157.351,148.418,149.054,37629111
2021/2/2,601633,151.035,163.967,149.577,163.967,55237907
2021/2/3,601633,165.125,166.321,152.492,154.548,60678518
2021/2/4,601633,152.717,153.053,147.634,149.652,33726601
2021/2/5,601633,149.129,151.745,142.177,142.513,37665818
2021/2/8,601633,146.512,152.754,145.391,150.437,36991311
2021/2/9,601633,152.754,155.669,147.222,152.866,35976566
2021/2/10,601633,156.678,161.575,150.511,158.697,43149818
2021/2/11,601633,158.697,158.697,158.697,158.697,0
2021/2/12,601633,158.697,158.697,158.697,158.697,0
2021/2/15,601633,158.697,158.697,158.697,158.697,0
2021/2/16,601633,158.697,158.697,158.697,158.697,0
2021/2/17,601633,158.697,158.697,158.697,158.697,0
2021/2/18,601633,161.051,162.509,153.389,155.482,35907923
2021/2/19,601633,151.371,153.277,146.213,152.305,29969854
2021/2/22,601633,153.24,153.24,143.186,143.634,47751960
2021/2/23,601633,139.411,139.411,131.226,132.609,61397262
2021/2/24,601633,132.011,134.851,123.04,124.797,60959363
2021/2/25,601633,128.049,128.572,119.378,120.91,50893949
2021/2/26,601633,114.93,118.78,111.79,117.247,44672147
2021/3/1,601633,118.107,119.49,113.098,118.966,38942154
2021/3/2,601633,119.639,120.873,114.706,117.21,34520005
2021/3/3,601633,115.864,119.228,114.556,119.116,25853781
2021/3/4,601633,116.986,117.023,112.799,113.659,26993769
2021/3/5,601633,110.557,119.116,109.137,117.733,37821225
2021/3/8,601633,117.733,118.854,107.268,107.53,46477637
2021/3/9,601633,108.586,113.191,102.321,111.153,52214844
2021/3/10,601633,115.267,118.022,113.719,115.984,42190104
2021/3/11,601633,115.191,119.569,113.606,116.55,36363796
2021/3/12,601633,117.758,118.588,113.229,115.493,26015894
2021/3/15,601633,113.229,114.436,110.134,111.53,23270845
2021/3/16,601633,111.53,115.267,111.53,112.512,21030452
2021/3/17,601633,111.983,113.833,109.454,112.851,19047060
2021/3/18,601633,114.361,116.814,113.266,113.908,18858499
2021/3/19,601633,110.964,112.851,108.7,108.7,22414532
2021/3/22,601633,109.53,111.832,108.322,110.926,18058232
2021/3/23,601633,110.851,111.342,106.208,107.039,19951528
2021/3/24,601633,107.114,108.096,102.585,104.774,21868997
2021/3/25,601633,103.378,108.7,102.887,106.208,17758027
2021/3/26,601633,106.624,116.814,106.624,116.814,43939114
2021/3/29,601633,112.096,113.606,109.303,109.983,48180907
2021/3/30,601633,108.171,112.7,107.982,112.059,29800862
2021/3/31,601633,117.984,122.098,113.002,113.719,48022732
2021/4/1,601633,115.003,123.91,114.965,122.4,55994282
2021/4/2,601633,122.853,133.232,118.513,129.76,59694841
2021/4/5,601633,129.76,129.76,129.76,129.76,0
2021/4/6,601633,130.553,134.44,127.005,129.911,41789288
2021/4/7,601633,129.949,129.949,123.306,124.552,37335827
2021/4/8,601633,121.419,124.552,120.022,122.513,26916484
2021/4/9,601633,123.948,124.438,117.418,119.343,28426202
2021/4/12,601633,119.343,120.136,114.134,114.701,24569946
2021/4/13,601633,115.871,117.758,113.833,115.418,21557281
2021/4/14,601633,115.795,120.324,115.795,119.871,29188139
2021/4/15,601633,117.078,118.89,114.172,117.078,25734775
2021/4/16,601633,117.078,125.608,115.795,123.721,47945350
2021/4/19,601633,127.194,136.063,124.174,135.95,74258745
2021/4/20,601633,135.988,143.347,130.59,132.817,74255659
2021/4/21,601633,130.213,135.799,129.156,134.138,45862212
2021/4/22,601633,130.628,132.025,125.004,128.326,54102003
2021/4/23,601633,126.778,131.345,126.439,127.269,29881961
2021/4/26,601633,124.552,129.005,124.552,125.457,32809631
2021/4/27,601633,124.174,126.439,121.721,125.571,24431066
2021/4/28,601633,125.306,129.836,123.042,128.93,33162546
2021/4/29,601633,127.986,131.119,125.986,128.967,30962999
2021/4/30,601633,127.911,129.269,124.552,126.174,24592877
2021/5/3,601633,126.174,126.174,126.174,126.174,0
2021/5/4,601633,126.174,126.174,126.174,126.174,0
2021/5/5,601633,126.174,126.174,126.174,126.174,0
2021/5/6,601633,126.174,127.458,122.023,124.665,23007543
2021/5/7,601633,124.665,124.665,114.927,117.909,35994415
2021/5/10,601633,115.871,121.834,113.417,119.645,28515901
2021/5/11,601633,116.248,118.362,114.172,116.399,28415111
2021/5/12,601633,115.606,122.589,114.738,120.136,30736419
2021/5/13,601633,118.135,118.324,115.493,115.946,21359504
2021/5/14,601633,115.116,117.871,114.776,116.022,21797855
2021/5/17,601633,116.437,125.797,116.135,124.967,48068344
2021/5/18,601633,124.778,124.778,121.155,122.627,25428275
2021/5/19,601633,121.834,133.006,121.23,130.062,54366496
2021/5/20,601633,130.59,135.233,127.873,129.722,47991501
2021/5/21,601633,129.76,132.1,125.306,128.854,41262518
2021/5/24,601633,126.665,129.345,124.023,128.137,26146217
2021/5/25,601633,127.948,134.931,126.325,133.232,40715103
2021/5/26,601633,136.365,146.556,136.365,139.762,64408479
2021/5/27,601633,141.687,141.913,136.176,137.195,33616735
2021/5/28,601633,135.874,143.423,134.214,138.705,35412050
2021/5/31,601633,138.592,140.026,132.817,139.611,27955794
2021/6/1,601633,139.271,144.367,136.554,142.14,31294833
2021/6/2,601633,142.706,149.273,142.706,144.178,39941554
2021/6/3,601633,147.197,149.462,141.8,141.951,29645635
2021/6/4,601633,141.498,146.858,138.932,145.688,30254779
2021/6/7,601633,145.688,147.952,143.046,144.14,21254590
2021/6/8,601633,144.857,151.085,144.857,149.953,34869007
2021/6/9,601633,146.065,152.632,144.216,151.349,29332769
2021/6/10,601633,150.103,162.898,149.122,160.256,39997825
2021/6/11,601633,158.558,171.73,157.01,167.201,45595279
2021/6/14,601633,167.201,167.201,167.201,167.201,0
2021/6/15,601633,168.333,174.75,163.54,166.257,39449653
2021/6/16,601633,163.993,164.182,149.651,149.651,38956334
2021/6/17,601633,145.235,155.689,144.102,151.726,35390307
2021/6/18,601633,153.689,166.824,151.915,162.219,43172693
2021/6/21,601633,160.407,170.975,156.218,166.937,34590961
2021/6/22,601633,167.05,172.749,162.71,166.182,27825999
2021/6/23,601633,166.522,177.392,166.522,170.938,43235441
2021/6/24,601633,171.013,175.504,167.314,169.277,32321290
2021/6/25,601633,172.183,173.089,164.182,165.616,38625245
2021/6/28,601633,165.993,170.9,163.163,167.276,30940692
2021/6/29,601633,169.843,172.221,162.294,165.389,29820066
2021/6/30,601633,165.314,165.314,159.124,164.521,24099866
2021/7/1,601633,164.484,165.842,159.426,159.917,17563154
2021/7/2,601633,159.388,161.275,155.161,158.067,21626423
2021/7/5,601633,157.01,170.485,155.614,169.088,41850948
2021/7/6,601633,170.409,177.392,169.088,173.844,43508611
2021/7/7,601633,170.258,178.071,166.559,174.938,31451158
2021/7/8,601633,177.316,177.92,171.126,171.315,25610626
2021/7/9,601633,172.711,187.96,171.051,185.431,54215370
2021/7/12,601633,184.94,194.376,179.958,184.563,46357143
2021/7/13,601633,183.053,187.393,179.015,181.166,28270818
2021/7/14,601633,179.958,179.958,169.843,170.032,37128497
2021/7/15,601633,168.975,171.428,160.407,165.163,38931480
2021/7/16,601633,164.182,173.24,162.294,168.635,30972992
2021/7/19,601633,162.294,172.711,155.878,170.975,28237517
2021/7/20,601633,167.956,174.75,166.824,171.806,16333098
2021/7/21,601633,181.166,188.979,181.166,188.979,33537287
2021/7/22,601633,195.433,195.433,185.695,192.602,49604595
2021/7/23,601633,188.714,207.586,187.96,207.397,47394406
2021/7/26,601633,204.793,211.36,199.282,205.435,42055760
2021/7/27,601633,204.944,212.492,193.432,196.867,36114592
2021/7/28,601633,189.469,200.037,188.073,192.526,30709700
2021/7/29,601633,200.452,211.775,192.715,211.775,43497382
2021/7/30,601633,211.36,232.081,208.265,229.137,50164728
2021/8/2,601633,232.836,245.668,225.552,240.46,52360431
2021/8/3,601633,234.006,240.422,220.456,223.136,40936742
2021/8/4,601633,222.608,238.158,218.909,231.364,37285351
2021/8/5,601633,228.344,242.309,219.362,239.252,38498933
2021/8/6,601633,241.743,246.159,233.93,235.969,24771807
2021/8/9,601633,229.024,229.59,220.796,226.533,27295184
2021/8/10,601633,226.759,231.704,210.077,219.664,47011556
2021/8/11,601633,219.664,220.343,210.681,216.644,28996291
2021/8/12,601633,214.984,234.61,212.115,228.873,45248940
2021/8/13,601633,224.004,228.344,219.475,220.607,24314265
2021/8/16,601633,217.701,224.759,214.38,217.814,24755649
2021/8/17,601633,215.55,220.607,205.699,209.813,31146797
2021/8/18,601633,208.341,210.794,202.793,205.246,25890590
2021/8/19,601633,208.341,220.796,205.699,215.927,36355793
2021/8/20,601633,214.38,222.117,209.133,219.928,33631555
2021/8/23,601633,220.041,230.232,215.097,229.213,36820392
2021/8/24,601633,228.194,234.006,222.306,224.608,32110249
2021/8/25,601633,224.985,238.346,222.796,231.1,30212207
2021/8/26,601633,230.194,233.893,216.569,219.966,33616348
2021/8/27,601633,218.833,241.554,217.739,237.667,46796678
2021/8/30,601633,241.479,255.784,236.497,245.706,40558291
2021/8/31,601633,245.668,253.632,240.422,249.556,26564185
2021/9/1,601633,249.443,251.745,228.722,245.027,30323018
2021/9/2,601633,244.574,251.67,238.158,240.347,22865931
2021/9/3,601633,239.894,239.894,224.948,232.496,28485071
2021/9/6,601633,232.27,237.667,228.344,234.497,23471006
2021/9/7,601633,234.534,236.95,230.986,236.157,19803354
2021/9/8,601633,235.893,236.459,229.477,231.477,18028244
2021/9/9,601633,229.024,232.76,223.778,231.024,20921130
2021/9/10,601633,230.118,230.194,225.174,226.533,21981482
2021/9/13,601633,226.457,234.006,224.231,227.627,21253723
2021/9/14,601633,227.892,239.667,221.928,237.025,31662284
2021/9/15,601633,234.006,236.761,229.099,230.232,19400193
2021/9/16,601633,230.722,231.364,208.907,208.907,43012378
2021/9/17,601633,210.832,218.494,210.832,214.417,18582797
2021/9/20,601633,214.417,214.417,214.417,214.417,0
2021/9/21,601633,214.417,214.417,214.417,214.417,0
2021/9/22,601633,210.983,218.909,203.736,210.417,16806908
2021/9/23,601633,210.417,215.512,204.793,205.85,21705855
2021/9/24,601633,206.454,209.171,203.812,205.321,16254545
2021/9/27,601633,205.321,208.341,198.301,202.038,23103719
2021/9/28,601633,202.113,203.736,193.168,194.451,28547235
2021/9/29,601633,190.79,201.283,189.394,194.112,25351684
2021/9/30,601633,194.074,204.038,191.583,198.528,22528232
2021/10/1,601633,198.528,198.528,198.528,198.528,0
2021/10/4,601633,198.528,198.528,198.528,198.528,0
2021/10/5,601633,198.528,198.528,198.528,198.528,0
2021/10/6,601633,198.528,198.528,198.528,198.528,0
2021/10/7,601633,198.528,198.528,198.528,198.528,0
2021/10/8,601633,203.812,205.699,196.301,201.547,18594332
2021/10/11,601633,201.547,213.964,199.509,208.265,26884406
2021/10/12,601633,207.246,221.475,204.944,215.436,31978175
2021/10/13,601633,214.757,228.08,212.115,225.702,30346576
2021/10/14,601633,225.74,239.667,225.74,236.384,30837438
2021/10/15,601633,237.78,241.479,230.571,237.591,25027148
2021/10/18,601633,237.403,245.178,236.082,239.29,23440385
2021/10/19,601633,239.29,244.121,233.138,233.855,24064938
2021/10/20,601633,236.912,242.498,232.874,239.29,27078756
2021/10/21,601633,237.394,237.47,228.292,230.871,19335726
2021/10/22,601633,233.184,238.911,231.554,236.825,18014179
2021/10/25,601633,236.635,255.255,234.019,253.624,30453974
2021/10/26,601633,259.009,264.698,249.643,252.146,28719331
2021/10/27,601633,250.249,261.474,249.415,254.762,22744929
2021/10/28,601633,253.207,256.962,248.619,250.098,13350178
2021/10/29,601633,249.263,260.564,244.599,257.872,20006782
2021/11/1,601633,253.928,257.113,238.911,248.77,23874378
2021/11/2,601633,248.732,256.241,238.911,246.495,22857414
2021/11/3,601633,244.258,245.699,227.534,233.222,28894044
2021/11/4,601633,236.635,244.03,232.35,238.986,18867033
2021/11/5,601633,238.721,243.272,234.55,238.342,11385106
2021/11/8,601633,238.304,244.409,234.663,239.631,14005049
2021/11/9,601633,238.911,242.968,234.663,238.986,9743540
2021/11/10,601633,235.649,238.304,227.534,233.298,17234918
2021/11/11,601633,233.222,237.507,229.43,234.17,16037924
2021/11/12,601633,235.118,237.356,232.085,234.17,12477271
2021/11/15,601633,234.17,234.17,219.343,224.424,23769729
2021/11/16,601633,224.5,226.131,216.916,221.58,16343462
2021/11/17,601633,225.183,225.638,219.949,222.604,18516170
2021/11/18,601633,222.149,226.7,218.053,224.007,14181198
2021/11/19,601633,225.827,226.662,218.053,224.538,19358444
2021/11/22,601633,225.941,246.116,225.941,243.044,40566372
2021/11/23,601633,242.703,242.703,231.819,235.043,27149419
2021/11/24,601633,232.16,233.905,227.913,232.616,15502909
2021/11/25,601633,230.947,232.236,221.846,223.362,19897184
2021/11/26,601633,221.277,228.292,220.253,223.552,13142850
2021/11/29,601633,219.684,225.448,214.034,222.756,13380767
2021/11/30,601633,224.235,227.496,219.191,227.003,20404588
2021/12/1,601633,226.586,226.7,217.977,219.456,20568486
2021/12/2,601633,218.812,223.438,216.764,221.808,16238231
2021/12/3,601633,219.949,221.618,213.351,216.916,23506625
2021/12/6,601633,216.157,221.466,213.882,214.906,18727722
2021/12/7,601633,217.295,218.053,207.814,211.986,20247120
2021/12/8,601633,211.607,214.223,207.321,213.465,19477087
2021/12/9,601633,215.93,217.56,210.924,214.678,25038956
2021/12/10,601633,212.024,216.916,211.076,215.209,25246984
2021/12/13,601633,214.261,215.968,208.573,209.217,28044306
2021/12/14,601633,207.473,208.383,199.471,201.519,36133383
2021/12/15,601633,199.092,203.491,197.196,198.485,27982886
2021/12/16,601633,198.561,204.553,196.741,202.088,31076715
2021/12/17,601633,201.747,202.543,197.196,197.196,18909163
2021/12/20,601633,195.679,197.955,191.204,191.887,21858865
2021/12/21,601633,191.204,195.679,190.863,194.542,16663790
2021/12/22,601633,196.627,199.282,196.627,198.182,20339387
2021/12/23,601633,199.926,202.695,197.386,200.533,24343478
2021/12/24,601633,200.533,200.988,186.578,190.067,28924463
2021/12/27,601633,188.739,189.194,181.003,184.53,23033565
2021/12/28,601633,185.061,187.678,183.241,185.819,21182648
2021/12/29,601633,185.819,186.237,181.875,184.189,16693944
2021/12/30,601633,184.227,187.222,182.786,184.302,15443230
2021/12/31,601633,186.692,188.701,182.065,184.075,19944174
